,year,remaining debt,savings,ira,assets
0,1,150000.0,58500.0,5500.0,500000.0
0,2,141306.66666666666,117000.0,11550.0,525000.0
0,3,116495.28888888887,175500.0,18205.0,551250.0
0,4,89368.18251851849,234000.0,25525.5,578812.5
0,5,59709.212886913534,292500.0,33578.05,607753.125
0,6,27282.072756358793,351000.0,42435.855,638140.78125
0,7,-8171.600453047722,409500.0,52179.440500000004,670047.8203125
