,year,remaining debt,savings,assets
0,1,150000.0,64000.0,500000.0
0,2,141306.66666666666,128000.0,525000.0
0,3,116495.28888888887,192000.0,551250.0
0,4,89368.18251851849,256000.0,578812.5
0,5,59709.212886913534,320000.0,607753.125
0,6,27282.072756358793,384000.0,638140.78125
0,7,-8171.600453047722,448000.0,670047.8203125
